month,PC1,PC2,SVM_score
1,0.948290431,0.049088078,0.529411765
2,0.841302454,0.151448315,0.352941176
3,0.726571023,0.266117031,0.588235294
4,0.70799213,0.285217621,0.705882353
5,0.718615497,0.278710638,0.882352941
6,0.835199916,0.163343371,0.529411765
7,0.907490686,0.091873027,0.588235294
8,0.902659756,0.096691613,0.352941176
9,0.906667702,0.092053707,0.352941176
10,0.867752819,0.129710167,0.235294118
11,0.953945003,0.043966014,0.470588235
12,0.965802895,0.031950305,0.588235294